year,province,expense,FoodDrink,Dress,Place,Medic,Trans_Comm,EER,etc
2557,กรุงเทพมหานคร,34426,10157,9040,708,1653,7475,1556,3836
2557,นนทบุรี,30812,8886,6844,816,1321,7290,1406,4249
2557,ปทุมธานี,30197,9005,5292,695,1365,8349,1285,4206
2557,สมุทรปราการ,22747,7767,4153,459,1128,5239,815,
2557,กาญจนบุรี,17187,6238,3079,255,836,4193,701,1885
2557,จันทบุรี,20650,7072,3590,549,999,5458,858,2125
2557,ฉะเชิงเทรา,23342,7668,4043,540,1044,5975,923,3148
2557,ชลบุรี,25704,8599,5436,736,1270,5247,1006,3411
2557,ชัยนาท,17091,6295,3097,475,906,3578,533,2207
2557,ตราด,18127,5832,2799,619,834,5094,617,2331
2557,นครนายก,17483,6726,3039,340,761,3677,643,2298
2557,นครปฐม,25876,7973,5176,445,1375,6191,1475,3242
2557,ประจวบคีรีขันธ์,25915,8889,5413,546,1402,5722,1103,2839
2557,ปราจีนบุรี,20790,7899,3661,595,837,4920,647,2229
2557,พระนครศรีอยุธยา,20410,7480,3629,490,908,4829,626,2448
2557,เพชรบุรี,20170,7567,3544,563,792,5070,695,1939
2557,ระยอง,23303,7642,4190,292,911,5886,520,3862
2557,ราชบุรี,17515,6443,3240,454,660,4135,891,1692
2557,ลพบุรี,14911,5586,3203,375,620,3338,566,1223
2557,สมุทรสงคราม,19511,7778,5337,389,1098,3251,717,941
2557,สมุทรสาคร,22560,8210,4089,432,842,4488,956,3542
2557,สระแก้ว,20227,7153,3068,513,1010,4943,890,2650
2557,สระบุรี,22811,7629,3783,440,935,6327,774,2923
2557,สิงห์บุรี,19632,7209,3163,596,862,4220,926,2656
2557,สุพรรณบุรี,14869,5462,3352,363,654,2587,487,1964
2557,อ่างทอง,19634,7287,3005,412,899,4169,1101,2761
2557,กำแพงเพชร,17880,6449,3331,370,928,4186,910,1705
2557,เชียงราย,11231,4970,2172,245,439,1876,400,1129
2557,เชียงใหม่,13732,4957,3275,348,571,2387,594,1599
2557,ตาก,13919,4756,2616,288,660,3158,538,1903
2557,นครสวรรค์,16193,5158,3098,449,743,4081,761,1902
2557,น่าน,13920,4687,2629,436,610,3013,608,1936
2557,พะเยา,11835,5029,2374,179,402,2100,492,1259
2557,พิจิตร,18687,7151,2865,523,1297,3341,869,2641
2557,พิษณุโลก,19003,6464,3329,556,908,4098,971,2678
2557,เพชรบูรณ์,15599,5820,2928,351,675,3299,483,2042
2557,แพร่,15455,5386,2673,353,685,3704,577,2077
2557,แม่ฮ่องสอน,9686,4123,2040,254,462,1448,312,1048
2557,ลำปาง,16021,5661,2437,603,802,3347,1012,2159
2557,ลำพูน,20063,7218,2674,526,870,4827,923,3025
2557,สุโขทัย,14905,4951,3427,329,744,3175,553,1726
2557,อุตรดิตถ์,15220,5262,2939,366,943,2995,885,1830
2557,อุทัยธานี,15690,5693,2457,514,664,3520,675,2166
2557,กาฬสินธุ์,12178,4956,2002,249,410,2813,395,1354
2557,ขอนแก่น,15700,5774,2971,325,582,3410,524,2114
2557,ชัยภูมิ,17163,6875,2932,406,857,3492,883,1718
2557,นครพนม,12562,5293,2347,256,633,2560,521,953
2557,นครราชสีมา,17771,6768,2712,421,786,4498,579,2007
2557,บุรีรัมย์,13952,4990,2179,211,540,3292,1091,1650
2557,มหาสารคาม,14254,5472,2465,347,755,2691,1040,1483
2557,มุกดาหาร,15203,6472,2580,482,600,3071,482,1516
2557,ยโสธร,15867,7612,2156,452,608,2807,342,1890
2557,ร้อยเอ็ด,17762,5334,3114,450,941,4283,686,2953
2557,เลย,15789,6434,3126,426,599,3786,511,906
2557,ศรีสะเกษ,14609,5815,2302,510,672,2744,790,1776
2557,สกลนคร,13475,5317,2272,271,472,2914,921,1308
2557,สุรินทร์,17069,5547,2924,400,518,3385,1514,2781
2557,หนองคาย,18361,6242,4419,450,755,3880,539,2074
2557,หนองบัวลำภู,17622,6570,2834,480,832,4600,782,1526
2557,อุดรธานี,21620,7891,3785,497,943,5072,1161,2271
2557,อุบลราชธานี,15478,5815,3277,179,606,3508,790,1303
2557,อำนาจเจริญ,17529,6610,2523,393,660,3868,968,2505
2557,บึงกาฬ,20073,7568,3160,338,948,5147,607,2305
2557,กระบี่,32837,8764,6916,971,1550,9392,1292,3952
2557,ชุมพร,23985,7795,3622,695,1172,6728,857,3117
2557,ตรัง,17107,6280,2758,573,762,4092,442,2201
2557,นครศรีธรรมราช,20661,7455,3259,697,909,4368,1326,2647
2557,นราธิวาส,11986,4428,2769,225,478,3340,309,437
2557,ปัตตานี,14809,6205,2390,586,632,3273,544,1179
2557,พังงา,21719,7403,4233,633,948,5409,681,2412
2557,พัทลุง,18514,5926,2927,610,698,4708,513,3132
2557,ภูเก็ต,28111,10073,6017,855,1591,6955,647,1973
2557,ยะลา,12370,4738,2936,309,511,2801,301,774
2557,ระนอง,18247,6381,3152,585,878,4426,482,2344
2557,สงขลา,21744,6881,3879,663,1124,4787,959,3452
2557,สตูล,19715,7701,3558,481,822,4950,436,1767
2557,สุราษฎร์ธานี,26410,8891,4017,714,1394,7269,944,3181
2559,กรุงเทพมหานคร,35101,11386,8314,756,1530,7023,1559,4533
2559,นนทบุรี,28828,9717,5897,832,1356,6311,967,3749
2559,ปทุมธานี,31271,9835,5673,648,1383,7936,1707,4090
2559,สมุทรปราการ,24354,8890,4256,326,1048,5400,778,3655
2559,กาญจนบุรี,18221,7211,3550,427,826,3860,635,1713
2559,จันทบุรี,22790,7790,4044,649,1217,6290,920,1880
2559,ฉะเชิงเทรา,21674,8605,3816,379,808,4728,712,2626
2559,ชลบุรี,24257,7562,5023,480,908,5112,664,4508
2559,ชัยนาท,17495,6074,2943,278,987,3868,854,2491
2559,ตราด,18914,6012,3074,552,844,5047,764,2619
2559,นครนายก,17878,6803,2880,428,712,4157,586,2313
2559,นครปฐม,22499,9154,3616,389,1150,4560,1067,2563
2559,ประจวบคีรีขันธ์,20184,7392,4162,392,926,4204,834,2274
2559,ปราจีนบุรี,18157,6925,3369,419,673,4371,471,1929
2559,พระนครศรีอยุธยา,23095,8154,4112,615,1452,4326,668,3767
2559,เพชรบุรี,20756,7381,3677,602,714,5274,852,2256
2559,ระยอง,21025,7029,4134,302,646,5150,476,3288
2559,ราชบุรี,19341,6718,3636,511,770,4021,992,2693
2559,ลพบุรี,15876,6335,3376,335,580,3334,527,1388
2559,สมุทรสงคราม,16909,7091,4411,258,634,2956,611,948
2559,สมุทรสาคร,21645,8523,4170,409,721,3697,648,3477
2559,สระแก้ว,18413,6992,3110,394,839,3982,765,2330
2559,สระบุรี,23964,8414,3668,520,1197,6015,974,3177
2559,สิงห์บุรี,19381,6859,3322,660,740,3896,1268,2635
2559,สุพรรณบุรี,13893,5461,3661,245,524,2083,414,1506
2559,อ่างทอง,20372,6853,3245,386,793,5255,909,2932
2559,กำแพงเพชร,17272,6844,3623,461,927,2925,736,1757
2559,เชียงราย,12878,5089,2537,302,548,2416,564,1422
2559,เชียงใหม่,14455,5195,3739,412,513,2122,786,1688
2559,ตาก,14141,5183,2586,308,606,3125,450,1883
2559,นครสวรรค์,16076,5782,2837,303,666,3952,499,2038
2559,น่าน,14359,4535,3185,371,526,3384,483,1874
2559,พะเยา,13101,5125,2465,253,539,2476,546,1696
2559,พิจิตร,17734,8195,2617,347,948,2892,445,2290
2559,พิษณุโลก,17732,6548,2710,422,805,3963,552,2730
2559,เพชรบูรณ์,16445,6013,3216,350,907,3221,707,2031
2559,แพร่,15618,5397,2927,332,669,3428,514,2351
2559,แม่ฮ่องสอน,11859,4637,2432,329,476,2279,322,1385
2559,ลำปาง,16884,5812,2867,704,636,3524,855,2486
2559,ลำพูน,20979,7257,3322,495,1130,4552,854,3368
2559,สุโขทัย,16102,5527,3365,355,809,3437,582,2027
2559,อุตรดิตถ์,16370,5894,3012,346,794,3259,688,2377
2559,อุทัยธานี,17806,5960,2610,530,673,3726,1352,2955
2559,กาฬสินธุ์,11970,5341,2106,187,356,2226,510,1244
2559,ขอนแก่น,15092,6309,3064,345,775,2665,366,1568
2559,ชัยภูมิ,17705,7296,3354,338,663,3568,660,1825
2559,นครพนม,13501,5341,2313,331,590,2978,576,1372
2559,นครราชสีมา,18489,8004,2910,495,749,3523,737,2071
2559,บุรีรัมย์,13054,5016,2791,178,593,2428,671,1378
2559,มหาสารคาม,18431,6413,2866,543,697,3486,888,3537
2559,มุกดาหาร,17022,6640,2942,387,585,3808,671,1988
2559,ยโสธร,15980,7033,2125,487,596,2952,713,2075
2559,ร้อยเอ็ด,16380,5821,4239,309,725,3101,444,1741
2559,เลย,18625,8926,3513,527,504,3664,373,1117
2559,ศรีสะเกษ,14129,5592,2697,402,614,2549,626,1649
2559,สกลนคร,15269,6095,2853,245,588,3063,943,1481
2559,สุรินทร์,16289,6348,3133,553,524,2728,695,2308
2559,หนองคาย,16532,6837,3199,347,623,3245,529,1752
2559,หนองบัวลำภู,21457,7570,3633,647,920,4567,1325,2794
2559,อุดรธานี,19103,8075,3320,394,926,3891,598,1899
2559,อุบลราชธานี,13997,5761,2947,140,430,3035,793,891
2559,อำนาจเจริญ,15550,6054,2322,247,552,3288,633,2455
2559,บึงกาฬ,22239,8254,4072,465,1171,4966,891,2418
2559,กระบี่,24824,8490,4076,526,1305,6521,560,3346
2559,ชุมพร,22933,7436,3621,627,1197,5657,725,3671
2559,ตรัง,18599,6616,2850,508,741,4367,677,2840
2559,นครศรีธรรมราช,21012,7495,3642,718,897,4255,1040,2965
2559,นราธิวาส,13066,5843,2614,353,456,2824,245,731
2559,ปัตตานี,17962,6925,3131,469,767,4288,623,1759
2559,พังงา,20256,7630,3647,462,757,4928,459,2373
2559,พัทลุง,18421,6496,3816,499,598,3800,380,2832
2559,ภูเก็ต,30239,11008,6497,738,1484,5786,894,3832
2559,ยะลา,14122,6231,3134,354,548,2429,401,1026
2559,ระนอง,18511,6515,3111,583,695,4343,398,2866
2559,สงขลา,23466,7697,4454,591,999,4736,1040,3949
2559,สตูล,20733,7688,4165,414,795,4534,370,2766
2559,สุราษฎร์ธานี,24743,8884,3794,517,1156,6265,891,3236
2561,กรุงเทพมหานคร,34127,10726,7786,731,1695,7248,1324,4618
2561,นนทบุรี,33809,10316,6365,535,1204,8787,1558,5043
2561,ปทุมธานี,43301,11614,8075,1034,2047,11397,2512,6622
2561,สมุทรปราการ,23232,8445,5216,284,1054,4298,568,3367
2561,กาญจนบุรี,20739,6997,3824,299,1116,4947,881,2676
2561,จันทบุรี,20922,8026,3805,459,852,4936,735,2109
2561,ฉะเชิงเทรา,19071,7627,3648,375,901,3674,475,2371
2561,ชลบุรี,25323,8013,5463,469,962,5296,653,4466
2561,ชัยนาท,17187,5792,3438,286,909,3902,580,2280
2561,ตราด,20199,6220,3235,501,970,5256,992,3025
2561,นครนายก,19153,7371,3053,399,902,4472,595,2361
2561,นครปฐม,24962,10898,4146,504,1085,5498,894,1937
2561,ประจวบคีรีขันธ์,23513,8729,4623,483,1205,4468,1259,2745
2561,ปราจีนบุรี,20783,8000,3775,501,737,4690,544,2536
2561,พระนครศรีอยุธยา,22790,8086,4035,425,1009,5153,664,3418
2561,เพชรบุรี,20207,7260,3953,532,938,4512,846,2167
2561,ระยอง,19410,6744,4073,366,746,4455,422,2605
2561,ราชบุรี,22834,7378,4346,523,968,5157,1199,3262
2561,ลพบุรี,17017,6135,3803,402,682,3706,705,1583
2561,สมุทรสงคราม,18755,7271,3774,286,887,4007,653,1877
2561,สมุทรสาคร,20573,7512,3960,328,865,3515,571,3821
2561,สระแก้ว,17544,5944,3388,315,756,4348,797,1996
2561,สระบุรี,27581,9053,4825,727,1314,6963,818,3881
2561,สิงห์บุรี,19773,6725,4053,519,728,4002,1073,2673
2561,สุพรรณบุรี,14245,5041,3510,220,774,2683,459,1558
2561,อ่างทอง,17295,6481,3111,219,723,3885,658,2218
2561,กำแพงเพชร,16147,5816,3408,356,850,3235,728,1755
2561,เชียงราย,11213,4438,2558,218,491,1888,332,1289
2561,เชียงใหม่,15469,5788,3584,315,595,2551,720,1915
2561,ตาก,12528,4588,2652,278,630,2634,449,1297
2561,นครสวรรค์,14794,5316,2958,282,693,3209,717,1619
2561,น่าน,15176,4847,3123,331,543,3595,518,2220
2561,พะเยา,12752,5227,2647,197,454,2069,473,1685
2561,พิจิตร,16602,7139,2692,349,848,2659,618,2296
2561,พิษณุโลก,18049,6042,3429,381,809,3930,758,2699
2561,เพชรบูรณ์,17528,6457,3377,348,872,3688,745,2042
2561,แพร่,14844,5084,2917,232,527,3413,445,2225
2561,แม่ฮ่องสอน,11536,4195,2514,264,541,1896,272,1854
2561,ลำปาง,16646,5255,2743,488,637,4034,805,2685
2561,ลำพูน,18604,6535,2808,439,788,4402,737,2896
2561,สุโขทัย,14548,5085,3209,329,686,2990,493,1756
2561,อุตรดิตถ์,14666,5288,2943,314,769,2760,555,2037
2561,อุทัยธานี,15747,5543,2688,361,865,3235,640,2414
2561,กาฬสินธุ์,11858,4964,2335,158,421,2182,354,1444
2561,ขอนแก่น,17589,6170,3664,287,763,3938,550,2218
2561,ชัยภูมิ,15592,6511,2373,255,768,2959,567,2157
2561,นครพนม,14417,5794,2569,301,708,2831,590,1624
2561,นครราชสีมา,18196,7013,2897,389,859,4063,771,2204
2561,บุรีรัมย์,14580,5852,2677,254,739,2768,651,1639
2561,มหาสารคาม,17287,6385,2591,365,802,3091,771,3282
2561,มุกดาหาร,15761,6494,2606,303,524,3107,532,2195
2561,ยโสธร,12748,5977,2057,381,478,1967,327,1561
2561,ร้อยเอ็ด,15686,5425,4037,240,665,2965,430,1924
2561,เลย,21055,9670,4142,580,645,4126,472,1420
2561,ศรีสะเกษ,13798,5303,2350,357,554,2549,550,2134
2561,สกลนคร,15130,6511,2750,185,552,2978,777,1377
2561,สุรินทร์,18209,6465,3068,231,759,3715,988,2982
2561,หนองคาย,18129,7177,3307,436,726,4159,495,1829
2561,หนองบัวลำภู,17296,5944,2729,335,675,4356,815,2441
2561,อุดรธานี,18696,7037,3145,391,995,4229,784,2114
2561,อุบลราชธานี,14770,5755,3097,145,463,3115,823,1371
2561,อำนาจเจริญ,14613,5763,2406,273,540,3098,722,1811
2561,บึงกาฬ,18347,7018,2912,200,829,4306,728,2353
2561,กระบี่,24326,8451,3740,425,1091,6445,798,3376
2561,ชุมพร,20693,6654,3203,520,962,5147,713,3494
2561,ตรัง,18649,6545,3016,568,821,4569,662,2467
2561,นครศรีธรรมราช,21135,7439,3660,662,968,4709,1059,2639
2561,นราธิวาส,15631,7386,2845,251,444,3411,330,964
2561,ปัตตานี,15706,6309,2487,553,604,3228,748,1777
2561,พังงา,20703,7373,3703,718,823,5164,471,2451
2561,พัทลุง,15947,6073,2615,378,591,3310,382,2598
2561,ภูเก็ต,30993,10506,6754,595,1513,6266,876,4483
2561,ยะลา,13301,5915,3109,282,514,2365,376,741
2561,ระนอง,17131,5686,2936,491,726,4411,308,2572
2561,สงขลา,21128,7292,3923,452,827,4787,656,3192
2561,สตูล,19336,7597,3743,332,790,4253,388,2233
2561,สุราษฎร์ธานี,25212,7873,4328,564,1151,6422,843,4032
2563,กรุงเทพมหานคร,32052,10312,7744,514,1478,6672,1142,4190
2563,นนทบุรี,33042,10681,7300,490,1710,7457,977,4426
2563,ปทุมธานี,33824,9909,6996,580,1428,8508,1520,4883
2563,สมุทรปราการ,23851,8855,5287,179,1363,4303,656,3200
2563,กาญจนบุรี,21386,7575,3479,274,977,4783,958,3341
2563,จันทบุรี,23300,8032,5192,372,1123,5535,769,2277
2563,ฉะเชิงเทรา,18791,7548,3660,235,572,3783,406,2586
2563,ชลบุรี,24878,8256,4664,372,854,6107,588,4037
2563,ชัยนาท,19836,6794,3558,363,1081,4032,779,3229
2563,ตราด,19563,6186,3542,410,986,5229,795,2415
2563,นครนายก,20609,6637,3877,290,1014,5630,583,2578
2563,นครปฐม,24503,10308,3960,610,864,5350,907,2503
2563,ประจวบคีรีขันธ์,21821,8221,5064,344,1135,4146,675,2235
2563,ปราจีนบุรี,22471,8671,4107,432,924,5203,696,2437
2563,พระนครศรีอยุธยา,23391,8271,4035,318,1057,5489,615,3606
2563,เพชรบุรี,22977,8077,4702,409,1072,4709,1074,2933
2563,ระยอง,21451,7285,4310,422,1026,4684,621,3102
2563,ราชบุรี,22384,7547,4170,383,1073,5160,1233,2818
2563,ลพบุรี,19180,6689,3928,320,1075,4239,582,2348
2563,สมุทรสงคราม,20424,7104,4593,257,1032,4155,871,2413
2563,สมุทรสาคร,23993,7946,4814,294,943,4951,832,4214
2563,สระแก้ว,16939,6502,3278,151,794,3918,497,1799
2563,สระบุรี,26045,8475,4486,599,1439,6397,941,3708
2563,สิงห์บุรี,20304,7073,4023,385,1027,4314,984,2498
2563,สุพรรณบุรี,14442,5630,3748,229,747,2378,328,1382
2563,อ่างทอง,17727,6519,3340,218,852,3957,449,2391
2563,กำแพงเพชร,18560,7476,3622,286,960,3596,605,2014
2563,เชียงราย,11532,4888,2720,138,526,1943,422,895
2563,เชียงใหม่,18887,6642,4251,251,695,3469,941,2638
2563,ตาก,14720,5043,3219,246,790,2955,619,1847
2563,นครสวรรค์,16569,5586,3450,273,772,3700,523,2264
2563,น่าน,16123,5391,3732,389,536,3323,447,2305
2563,พะเยา,13217,5034,2622,213,570,2542,473,1762
2563,พิจิตร,16327,7195,2698,246,960,2353,458,2418
2563,พิษณุโลก,19387,7987,3756,180,917,3820,657,2071
2563,เพชรบูรณ์,19725,6280,3893,348,1171,4223,726,3083
2563,แพร่,14822,5415,2946,188,577,3204,482,2009
2563,แม่ฮ่องสอน,11606,4742,2188,144,508,2063,281,1680
2563,ลำปาง,16376,6567,2876,333,698,3162,645,2096
2563,ลำพูน,20190,8647,3208,306,821,4116,755,2337
2563,สุโขทัย,14098,4967,3363,205,663,2657,482,1761
2563,อุตรดิตถ์,14544,5391,3147,254,760,2385,528,2079
2563,อุทัยธานี,14270,5667,2568,265,755,2728,487,1800
2563,กาฬสินธุ์,13544,5288,2945,164,504,2566,508,1569
2563,ขอนแก่น,17321,6431,3521,250,808,3578,415,2319
2563,ชัยภูมิ,15930,6750,2492,193,726,3222,547,2001
2563,นครพนม,16187,6241,3009,374,762,3439,698,1664
2563,นครราชสีมา,17939,7118,2861,189,729,4191,642,2208
2563,บุรีรัมย์,15290,5269,3039,386,883,3021,953,1740
2563,มหาสารคาม,19028,6822,3288,344,904,4489,659,2523
2563,มุกดาหาร,17546,6785,3223,275,643,3854,437,2329
2563,ยโสธร,12907,6366,2214,267,469,1996,280,1317
2563,ร้อยเอ็ด,15739,5268,3985,98,816,2843,591,2138
2563,เลย,21015,9977,3823,369,698,4328,497,1323
2563,ศรีสะเกษ,14269,5229,2517,328,643,3069,498,1986
2563,สกลนคร,16319,6768,3430,163,607,3000,802,1549
2563,สุรินทร์,18999,7213,3437,257,821,3550,833,2888
2563,หนองคาย,18944,7539,3747,475,857,3708,616,2002
2563,หนองบัวลำภู,21173,7448,3185,367,1093,4904,1247,2929
2563,อุดรธานี,16693,6465,3097,357,811,3559,582,1822
2563,อุบลราชธานี,15135,6146,2975,266,593,3313,520,1322
2563,อำนาจเจริญ,15185,6059,2800,235,603,2957,693,1838
2563,บึงกาฬ,21421,8269,4194,265,926,4146,880,2743
2563,กระบี่,26631,9300,4556,593,1591,6404,704,3483
2563,ชุมพร,21040,7639,3795,391,1112,4500,616,2987
2563,ตรัง,17905,6503,3016,435,732,4163,525,2531
2563,นครศรีธรรมราช,18941,6981,3643,522,724,3887,847,2337
2563,นราธิวาส,15126,6692,2755,335,682,3444,340,878
2563,ปัตตานี,14862,5966,2430,445,556,3380,640,1446
2563,พังงา,19292,6853,3844,281,954,4691,437,2232
2563,พัทลุง,16818,6527,2756,418,691,3408,348,2672
2563,ภูเก็ต,31347,10083,7269,524,1862,6005,823,4780
2563,ยะลา,14141,5816,3219,273,582,3144,377,730
2563,ระนอง,17946,6175,3601,400,774,4084,403,2508
2563,สงขลา,18136,6419,4008,237,762,3540,568,2604
2563,สตูล,20128,7565,4196,381,1038,4208,495,2245
2563,สุราษฎร์ธานี,23308,7770,4293,423,1183,5738,652,3249
2565,กรุงเทพมหานคร,27970,9391,6819,415,1424,5512,851,3559
2565,นนทบุรี,30990,10196,7203,508,1289,6814,853,4126
2565,ปทุมธานี,37898,10821,8041,1132,2291,8203,1735,5674
2565,สมุทรปราการ,24710,10014,5445,207,1133,4355,537,3020
2565,กาญจนบุรี,22165,8526,4210,339,1004,4883,754,2449
2565,จันทบุรี,25374,8817,4466,356,1387,6990,692,2666
2565,ฉะเชิงเทรา,23245,8500,4601,330,1095,4825,555,3339
2565,ชลบุรี,27130,8065,5932,383,1145,6617,589,4399
2565,ชัยนาท,21075,7408,4320,274,971,4736,751,2614
2565,ตราด,22995,7300,4328,535,1026,6306,705,2796
2565,นครนายก,22992,9124,4376,307,1140,5461,554,2030
2565,นครปฐม,24919,8787,4822,553,1077,6159,1050,2472
2565,ประจวบคีรีขันธ์,21527,8813,4520,320,1169,4334,522,1848
2565,ปราจีนบุรี,22386,7835,4428,382,847,6006,529,2358
2565,พระนครศรีอยุธยา,24684,8727,4447,364,1279,5407,600,3860
2565,เพชรบุรี,21206,7722,4129,429,831,4260,824,3011
2565,ระยอง,24952,8252,4650,417,1063,5758,457,4355
2565,ราชบุรี,25476,9113,4567,415,1208,5479,1195,3499
2565,ลพบุรี,19845,7576,4150,201,973,4386,472,2087
2565,สมุทรสงคราม,19675,7540,3897,232,959,3921,748,2378
2565,สมุทรสาคร,22595,7895,4449,294,926,4652,510,3870
2565,สระแก้ว,18123,6879,3370,172,869,3904,861,2068
2565,สระบุรี,25608,9260,4482,514,1360,5811,749,3431
2565,สิงห์บุรี,20804,7591,3716,449,1074,4254,1011,2709
2565,สุพรรณบุรี,17778,7133,4332,184,777,2826,579,1947
2565,อ่างทอง,17811,7384,3704,143,697,3489,421,1974
2565,กาฬสินธุ์,15802,6119,3612,190,532,2886,416,2047
2565,ขอนแก่น,17343,6678,3741,253,990,3409,550,1722
2565,ชัยภูมิ,17679,7865,2799,176,791,3535,752,1763
2565,นครพนม,18313,7123,3345,437,854,4063,840,1652
2565,นครราชสีมา,21434,8281,3285,293,757,5606,584,2628
2565,บุรีรัมย์,18434,6081,4130,596,920,3552,922,2234
2565,มหาสารคาม,16974,6276,3579,302,711,3341,842,1923
2565,มุกดาหาร,18730,7228,3312,266,732,3746,565,2881
2565,ยโสธร,18623,8080,3380,402,1053,3044,425,2238
2565,ร้อยเอ็ด,18756,6285,4564,100,1006,3432,814,2555
2565,เลย,18695,8555,3551,400,671,3699,551,1268
2565,ศรีสะเกษ,14492,5320,3276,180,635,2823,578,1681
2565,สกลนคร,17236,6926,3294,163,621,3355,872,2005
2565,สุรินทร์,18213,6295,3467,198,770,3858,1163,2462
2565,หนองคาย,20684,7633,3930,390,897,4911,697,2225
2565,หนองบัวลำภู,19011,6656,3151,301,801,4507,690,2905
2565,อุดรธานี,20039,7764,3298,466,1096,4570,825,2020
2565,อุบลราชธานี,19142,6905,3700,221,812,3888,856,2760
2565,อำนาจเจริญ,18700,7820,2696,350,740,3810,715,2568
2565,บึงกาฬ,20785,8584,3409,221,855,4547,686,2482
2565,กําแพงเพชร,19961,8297,3602,324,1130,3747,702,2160
2565,เชียงราย,12207,4994,2751,155,640,2140,417,1109
2565,เชียงใหม่,21415,8043,4599,317,891,3947,1166,2453
2565,ตาก,16319,6308,3531,360,973,3040,485,1622
2565,นครสวรรค์,17231,6133,3579,356,1113,3486,563,2002
2565,น่าน,18405,6486,4361,339,785,3746,429,2260
2565,พะเยา,13028,5301,3075,196,619,2193,339,1306
2565,พิจิตร,16917,8196,2622,285,857,2324,339,2293
2565,พิษณุโลก,20010,7544,4045,213,1104,4246,676,2181
2565,เพชรบูรณ์,17607,6400,3487,312,1264,3555,478,2111
2565,แพร่,16796,5955,3335,222,620,3573,429,2661
2565,แม่ฮ่องสอน,12816,5206,2458,158,568,2788,228,1411
2565,ลำปาง,16645,6293,3217,316,792,3012,678,2337
2565,ลำพูน,19807,7820,3250,336,1004,4255,508,2635
2565,สุโขทัย,16239,5384,3600,234,802,3631,588,2000
2565,อุตรดิตถ์,19680,6508,4377,225,908,3668,1045,2950
2565,อุทัยธานี,16721,6157,3290,322,904,3081,737,2230
2565,กระบี่,29074,9490,4460,517,1538,7791,937,4341
2565,ชุมพร,23540,8538,4500,421,1076,5006,723,3277
2565,ตรัง,21059,7649,3479,507,968,5195,662,2599
2565,นครศรีธรรมราช,21541,7873,3713,587,996,4765,1001,2606
2565,นราธิวาส,17447,7941,3107,412,914,4003,315,754
2565,ปัตตานี,17810,7442,3072,585,904,3573,527,1708
2565,พังงา,20151,8232,3651,342,897,4661,371,1996
2565,พัทลุง,19307,6776,3815,427,737,4166,460,2927
2565,ภูเก็ต,33151,10899,8138,409,1744,6746,1067,4148
2565,ยะลา,15603,6450,3413,307,777,3203,405,1048
2565,ระนอง,17632,6292,3451,401,831,4229,377,2052
2565,สงขลา,20142,7314,3976,361,975,4015,514,2987
2565,สตูล,21145,7744,4145,428,1011,4845,522,2449
2565,สุราษฎร์ธานี,24991,8368,4667,579,1412,5762,772,3431
2567,กรุงเทพมหานคร,32250,10741,7621,604,1375,6514,1010,4384
2567,นนทบุรี,28051,9845,6315,397,1083,6185,772,3456
2567,ปทุมธานี,30547,10027,6794,361,1189,6956,925,4296
2567,สมุทรปราการ,26249,9088,5722,240,1271,5046,671,4211
2567,กาญจนบุรี,20705,8017,3889,217,890,4192,739,2762
2567,จันทบุรี,29224,9437,5846,404,1302,7665,1276,3293
2567,ฉะเชิงเทรา,22716,8076,4312,417,957,4853,548,3553
2567,ชลบุรี,27382,9053,5785,338,1105,5810,762,4529
2567,ชัยนาท,20548,7840,4058,307,1068,4004,763,2508
2567,ตราด,21801,7204,4367,458,1111,5116,719,2826
2567,นครนายก,24129,9367,4448,344,1147,5282,836,2704
2567,นครปฐม,24368,8686,4959,502,1079,5522,999,2621
2567,ประจวบคีรีขันธ์,20153,7733,4461,251,1018,3664,674,2353
2567,ปราจีนบุรี,19324,7183,3819,393,713,4137,444,2636
2567,พระนครศรีอยุธยา,26143,9193,4641,388,972,6373,669,3905
2567,เพชรบุรี,21697,8373,4326,435,834,3915,929,2886
2567,ระยอง,24888,7786,5195,308,877,5845,494,4383
2567,ราชบุรี,26789,8521,5320,710,1342,5644,1487,3764
2567,ลพบุรี,18327,6931,3946,168,835,4067,399,1980
2567,สมุทรสงคราม,21685,7964,4661,321,961,4474,714,2589
2567,สมุทรสาคร,20183,7035,3797,204,632,3346,481,4689
2567,สระแก้ว,17302,6738,3238,196,772,3785,704,1868
2567,สระบุรี,25369,9439,4417,430,1034,6092,794,3163
2567,สิงห์บุรี,23826,8248,4897,421,1184,4898,1119,3061
2567,สุพรรณบุรี,17810,6666,4276,165,675,3305,472,2251
2567,อ่างทอง,20128,7991,3547,251,959,4027,701,2652
2567,กําพงเพชร,20343,7274,5163,359,948,3525,813,2261
2567,เชียงราย,11346,4778,2807,138,526,2051,250,797
2567,เชียงใหม่,20169,7862,4182,405,789,3367,1021,2545
2567,ตาก,18186,7019,3754,454,1162,3260,688,1848
2567,นครสวรรค์,18288,7149,3566,387,1086,3769,617,1713
2567,น่าน,16599,6217,3750,215,594,3101,494,2229
2567,พะเยา,12606,5401,2730,120,396,2062,494,1402
2567,พิจิตร,19557,9055,3255,403,1104,2883,378,2479
2567,พิษณุโลก,18959,6515,4150,246,955,4210,734,2148
2567,เพชรบูรณ์,22437,8076,4267,353,1148,4781,1023,2789
2567,แพร่,16211,5831,3404,170,469,3504,609,2226
2567,แม่ฮ่องสอน,12816,5369,2329,162,537,2438,353,1630
2567,ลําปาง,15858,6050,3357,272,680,2803,643,2054
2567,ลําพูน,19397,7331,3838,366,868,3879,583,2530
2567,สุโขทัย,16959,5993,3725,229,769,3599,503,2140
2567,อุตรดิตถ์,16346,6204,3769,210,763,2744,638,2018
2567,อุทัยธานี,15888,5808,3784,220,682,2726,501,2165
2567,กาฬสินธุ์,15676,6429,3751,204,479,2652,339,1822
2567,ขอนแก่น,15092,6232,3423,180,727,2505,357,1667
2567,ชัยภูมิ,20047,8567,3252,264,937,3757,1013,2255
2567,นครพนม,18945,7313,3737,309,1001,3659,1131,1795
2567,นครราชสีมา,21204,8081,3543,297,738,4888,773,2884
2567,บุรีรัมย์,17580,6343,4740,440,729,2683,570,2076
2567,มหาสารคาม,17136,6424,4165,240,682,2876,1012,1736
2567,มุกดาหาร,17750,7462,3519,200,563,3333,400,2275
2567,ยโสธร,17063,7817,3293,315,876,2557,429,1775
2567,ร้อยเอ็ด,19153,5879,5219,155,934,3552,617,2796
2567,เลย,20731,9197,3904,500,743,3923,555,1909
2567,ศรีสะเกษ,14942,5654,3360,205,607,2619,651,1847
2567,สกลนคร,15591,6714,3177,100,592,2668,792,1547
2567,สุรินทร์,18886,7014,3549,267,698,3708,596,3054
2567,หนองคาย,18671,7050,4039,160,794,4359,618,1651
2567,หนองบัวลําภู,18127,6286,3398,335,783,3909,991,2425
2567,อุดรธานี,17563,6692,4469,310,742,3196,438,1717
2567,อุบลราชธานี,15349,5744,3215,118,539,3159,458,2117
2567,อํานาจเจริญ,19625,7802,3371,337,753,3863,956,2544
2567,บึงกาฬ,19690,8393,3618,141,674,4046,477,2342
2567,กระบี่,26186,8871,4081,498,1493,7076,525,3641
2567,ชุมพร,23224,8682,4287,333,1232,4574,754,3362
2567,ตรัง,20030,7183,3311,547,962,4567,729,2730
2567,นครศรีธรรมราช,23131,7690,4484,613,1111,4845,1362,3026
2567,นราธิวาส,17175,7336,3329,376,797,4055,212,1070
2567,ปัตตานี,17113,7713,3012,447,627,3161,526,1628
2567,พังงา,23234,8821,4774,403,1183,4997,490,2567
2567,พัทลุง,18092,6866,3263,296,721,3934,395,2617
2567,ภูเก็ต,34083,11358,7530,611,1473,6543,1030,5537
2567,ยะลา,15326,5896,3370,350,652,3078,535,1446
2567,ระนอง,19846,6738,3770,563,895,4564,315,3002
2567,สงขลา,18178,6577,4275,271,722,3342,624,2367
2567,สตูล,19316,7652,3536,352,838,4235,420,2285

2567,สุราษฎร์ธานี,24641,8173,4765,539,1090,5927,576,3571
